{
"gridDescription": {
"gridSquareN":10,
"gridSquareE":12,
"squareLengthE":500,
"squareLengthN":500
},
"auvSurfacing": {
"auvId":[
0,
1,
2,
0,
2,
1
],
"positionE":[
1000.0000002650444,
499.99999986577495,
1500.0000001478929,
1000.000000830807,
499.9999998569956,
1500.0000003479602
],
"positionN":[
999.99999903371577,
1166.6670858171856,
1499.9999991928464,
2000.0000003815433,
2000.0000003525527,
999.99999965120583
],
"startTime":[
39.021621599977955,
87.672990462618088,
180.34980698015863,
245.10944636779274,
306.53286701983586,
440.7866561676874
],
"endTime":[
40.021621599977955,
88.672990462618088,
181.34980698015863,
246.10944636779274,
307.53286701983586,
441.7866561676874
]
},
"ferryPath": {
"pathE":[
869.728961889155,
869.72896188915649,
869.72896188915342,
869.72896188917684,
869.72896188913057,
869.72896188911011,
869.72896188914092,
869.72896188912694,
869.72896188914183,
869.72896188909033,
869.72896188910647,
869.72896188902519
],
"pathN":[
1525.6669358304625,
1525.6669358304296,
1525.6669358304848,
1525.6669358304566,
1525.6669358304753,
1525.6669358304634,
1525.6669358304939,
1525.666935830543,
1525.6669358305433,
1525.6669358305085,
1525.666935830503,
1525.6669358304507
],
"pathD":[
-100,
-100,
-100,
-100,
-100,
-100,
-100,
-100,
-100,
-100,
-100,
-100
],
"departTime":[
39.021621599977955,
40.021621599977955,
87.672990462618088,
88.672990462618088,
180.34980698015863,
181.34980698015863,
245.10944636779274,
246.10944636779274,
306.53286701983586,
307.53286701983586,
440.7866561676874,
441.7866561676874
]
},
"comm_radii":[
31142.735426232182,
25126.989986507459,
34920.345147587868,
26055.630963555894,
27521.659841740588,
51822.560087076192
]
}